Model,MAE,RMSE,Directional Accuracy
ExponentialSmoothing,25.11780689094943,33.08129756037496,0.75
LSTM,31.746240724059827,37.89078272011194,0.45
