Model,MAE,RMSE,Directional Accuracy
ExponentialSmoothing,34.11792559898292,44.807724335658776,0.5
LSTM,29.563786671453386,43.20116143314155,0.6
