Model,MAE,RMSE,Directional Accuracy
ExponentialSmoothing,13.03647244081112,16.353138866574756,0.55
Transformer,18.13382246359122,21.59353636601554,0.4
