Model,MAE,RMSE,Directional Accuracy
ExponentialSmoothing,17.46877607359702,21.001998342173373,0.45
Transformer,16.5918531676631,20.887025331991207,0.6
