Model,MAE,RMSE,Directional Accuracy
ExponentialSmoothing,33.51295038725458,43.25921069757527,0.4
Transformer,30.266186618289943,42.388388714944554,0.5
