Model,MAE,RMSE,Directional Accuracy
ExponentialSmoothing,18.510765706447522,25.746745861254382,0.7
Transformer,25.14953602509909,27.285998714044744,0.55
