Model,MAE,RMSE,Directional Accuracy
ExponentialSmoothing,15.786729254547561,19.251138140894582,0.65
NeuralProphet,17.392685546875008,20.33993695268869,0.6
