Model,MAE,RMSE,Directional Accuracy
ExponentialSmoothing,6.732509875038159,9.410088040715445,0.55
NeuralProphet,9.602431884765599,12.398935042625181,0.3
