Model,MAE,RMSE,Directional Accuracy
ExponentialSmoothing,15.901910561673105,18.867619898045277,0.75
NeuralProphet,18.43367602539064,23.134036965333493,0.6
