Model,MAE,RMSE,Directional Accuracy
ExponentialSmoothing,14.821824944213574,19.13636149152261,0.75
LSTM,33.58461400023032,38.560280987012646,0.35
