Model,MAE,RMSE,Directional Accuracy
ExponentialSmoothing,13.487276080295453,18.352012370365745,0.45
NeuralProphet,13.906388183593743,19.29156652548912,0.4
