Model,MAE,RMSE,Directional Accuracy
ExponentialSmoothing,8.665493515082995,13.108259729825791,0.55
NeuralProphet,10.592274169921883,14.457221929020372,0.4
