Model,MAE,RMSE,Directional Accuracy
ExponentialSmoothing,19.81959073929918,26.273163856194,0.55
LSTM,20.556697508628805,27.425997041304687,0.7
