Model,MAE,RMSE,Directional Accuracy
ExponentialSmoothing,27.21589628033279,37.08412540122306,0.6666666666666666
LSTM,24.448941657877878,29.19511467682335,0.4444444444444444
