Model,MAE,RMSE,Directional Accuracy
ExponentialSmoothing,14.305163538243516,19.159185465359737,0.4
NeuralProphet,18.356931152343737,23.43779132975745,0.35
