Model,MAE,RMSE,Directional Accuracy
ExponentialSmoothing,21.096358545456383,39.2808552436842,0.45
LSTM,26.748932876385528,38.80498160531493,0.5
