Model,MAE,RMSE,Directional Accuracy
ExponentialSmoothing,22.70759959875994,29.116982293509686,0.5
NeuralProphet,24.215691162109387,30.073838194757176,0.35
