Model,MAE,RMSE,Directional Accuracy
ExponentialSmoothing,22.42314230683139,26.492632945103523,0.45
NeuralProphet,21.27620800781248,26.7250823994164,0.5
