Model,MAE,RMSE,Directional Accuracy
ExponentialSmoothing,25.13421990014816,31.112755237657087,0.45
Transformer,22.28470304699234,28.728964137754375,0.65
