Model,MAE,RMSE,Directional Accuracy
ExponentialSmoothing,11.66092746215828,14.756499926199721,0.65
NeuralProphet,14.430509765625004,16.780862101265612,0.35
