Model,MAE,RMSE,Directional Accuracy
ExponentialSmoothing,12.05275391132227,14.846475946880574,0.7
LSTM,19.891401113434664,22.800067761572283,0.4
