Model,MAE,RMSE,Directional Accuracy
ExponentialSmoothing,29.216867829220142,43.690657450324366,0.5
Transformer,33.41879135538625,47.52991021512018,0.6
