Model,MAE,RMSE,Directional Accuracy
ExponentialSmoothing,16.318633798441773,20.722322461667634,0.35
Transformer,65.46772107779138,95.71240879655508,0.45
