Model,MAE,RMSE,Directional Accuracy
ExponentialSmoothing,22.42314230683139,26.492632945103523,0.45
Transformer,23.585899670223547,28.385267593777666,0.5
