Model,MAE,RMSE,Directional Accuracy
ExponentialSmoothing,22.219377389173292,28.21586822051984,0.4
NeuralProphet,19.11895410156252,24.996709238785197,0.75
