Model,MAE,RMSE,Directional Accuracy
ExponentialSmoothing,8.931030938538253,13.066129071754993,0.7
NeuralProphet,11.817802734374993,15.555724751309842,0.35
