Model,MAE,RMSE,Directional Accuracy
ExponentialSmoothing,21.750767876946778,30.107820442880193,0.6666666666666666
Transformer,22.30216779631788,27.569290562156283,0.4444444444444444
