Model,MAE,RMSE,Directional Accuracy
ExponentialSmoothing,26.188225024827535,33.802864557001186,0.3888888888888889
LSTM,31.6769496052412,39.60594387949558,0.3888888888888889
