Model,MAE,RMSE,Directional Accuracy
ExponentialSmoothing,7.401322044874291,9.817545094283224,0.6
NeuralProphet,9.166600830078119,11.11277753421965,0.4
