Model,MAE,RMSE,Directional Accuracy
ExponentialSmoothing,24.38904398071886,40.518310587737794,0.4
NeuralProphet,27.318584716796853,39.70135662713361,0.4
