Model,MAE,RMSE,Directional Accuracy
ExponentialSmoothing,21.615993727912862,31.274510790470693,0.8333333333333334
LSTM,31.80019598918072,38.32314343484272,0.4444444444444444
