Model,MAE,RMSE,Directional Accuracy
ExponentialSmoothing,11.721494573510393,14.315498801739315,0.7
NeuralProphet,14.967836669921871,18.871258630577614,0.6
