Model,MAE,RMSE,Directional Accuracy
ExponentialSmoothing,21.58829763255708,27.373821084861355,0.35
Transformer,20.080874728824178,25.219563567457786,0.5
