Model,MAE,RMSE,Directional Accuracy
ExponentialSmoothing,16.63013968520181,21.295810749454535,0.6666666666666666
NeuralProphet,19.372489501953122,22.045355488025965,0.5
