Model,MAE,RMSE,Directional Accuracy
ExponentialSmoothing,21.6254243356762,28.969655700944703,0.8
LSTM,32.819494412473524,38.28868753112962,0.45
