Model,MAE,RMSE,Directional Accuracy
ExponentialSmoothing,13.166069643492937,16.572648662902836,0.8333333333333334
Transformer,27.65683736231274,32.886373822923126,0.5555555555555556
