Model,MAE,RMSE,Directional Accuracy
ExponentialSmoothing,16.457727493100105,20.263483166711424,0.65
NeuralProphet,18.77407763671878,22.327046568102574,0.5
