Model,MAE,RMSE,Directional Accuracy
ExponentialSmoothing,17.46877607359702,21.001998342173373,0.45
LSTM,16.61826487862469,20.05952046145873,0.45
