Model,MAE,RMSE,Directional Accuracy
ExponentialSmoothing,19.922073098160332,28.158691800669658,0.8
Transformer,28.0886405075085,31.64539191486804,0.5
