Model,MAE,RMSE,Directional Accuracy
ExponentialSmoothing,22.180287353560697,39.62584878180902,0.45
LSTM,30.67535575150216,41.67116855797461,0.5
