Model,MAE,RMSE,Directional Accuracy
ExponentialSmoothing,25.220756347720556,31.15972832560279,0.4
LSTM,20.97428526175853,27.627997232091996,0.7
