Model,MAE,RMSE,Directional Accuracy
ExponentialSmoothing,16.76281654898803,24.98439390809167,0.5
NeuralProphet,17.539651367187513,21.790593025277786,0.5
