Model,MAE,RMSE,Directional Accuracy
ExponentialSmoothing,10.64253823055327,13.131037150770704,0.55
Transformer,17.52016642046908,20.757348211914596,0.6
