Model,MAE,RMSE,Directional Accuracy
ExponentialSmoothing,25.220756347720556,31.15972832560279,0.4
Transformer,21.191605626983335,28.40969923650088,0.7
