Model,MAE,RMSE,Directional Accuracy
ExponentialSmoothing,24.454593290951106,40.52381853707567,0.45
Transformer,33.93504056175067,45.75028488238691,0.65
