Model,MAE,RMSE,Directional Accuracy
ExponentialSmoothing,31.975815971436408,43.10881962329047,0.5
NeuralProphet,25.483502929687496,35.85369164956507,0.6
