Model,MAE,RMSE,Directional Accuracy
ExponentialSmoothing,8.977339376857504,12.121010849371082,0.55
Transformer,15.502828663065713,18.4477758378141,0.45
