Model,MAE,RMSE,Directional Accuracy
ExponentialSmoothing,22.734939256670827,39.90250136277593,0.45
LSTM,29.733582987564056,41.483614738769454,0.55
