Model,MAE,RMSE,Directional Accuracy
ExponentialSmoothing,34.11792559898292,44.807724335658776,0.5
NeuralProphet,30.40625244140624,40.72444585094148,0.65
