Model,MAE,RMSE,Directional Accuracy
ExponentialSmoothing,21.063942503525414,28.27429570997612,0.75
LSTM,27.102141546800603,29.896590442686332,0.65
