Model,MAE,RMSE,Directional Accuracy
ExponentialSmoothing,14.137185404174181,18.12938443140342,0.8333333333333334
Transformer,29.695223176525236,34.99931138696457,0.5555555555555556
