Model,MAE,RMSE,Directional Accuracy
ExponentialSmoothing,16.952404023203563,20.53999665043948,0.75
Transformer,35.084291724161645,38.87092907529073,0.45
