Model,MAE,RMSE,Directional Accuracy
ExponentialSmoothing,26.23001509671176,32.57837519703717,0.55
LSTM,46.31279860106648,57.597847946623496,0.45
