Model,MAE,RMSE,Directional Accuracy
ExponentialSmoothing,10.642283954673427,13.14437555747353,0.6
Transformer,17.828360284783354,20.80247189157788,0.55
