Model,MAE,RMSE,Directional Accuracy
ExponentialSmoothing,20.921389731484737,27.24863602285375,0.5
LSTM,21.052687686012234,28.03299328677507,0.5
