Model,MAE,RMSE,Directional Accuracy
ExponentialSmoothing,23.19844612368407,31.012248405507684,0.35
Transformer,87.02853123422003,126.7679091808416,0.4
