Model,MAE,RMSE,Directional Accuracy
ExponentialSmoothing,18.518254465320844,25.022908634904237,0.4
LSTM,41.94312495078657,59.53761730139659,0.75
