Model,MAE,RMSE,Directional Accuracy
ExponentialSmoothing,17.872839570059362,21.741710332875968,0.45
NeuralProphet,18.221436035156252,21.848413856579658,0.5
