Model,MAE,RMSE,Directional Accuracy
ExponentialSmoothing,24.330106569640872,32.83570506815425,0.85
NeuralProphet,29.38200854492187,36.028042443873204,0.55
