Model,MAE,RMSE,Directional Accuracy
ExponentialSmoothing,10.64253823055327,13.131037150770704,0.55
NeuralProphet,12.885801513671856,16.08258209429663,0.35
