Model,MAE,RMSE,Directional Accuracy
ExponentialSmoothing,17.06154970083121,21.475115995328437,0.8333333333333334
NeuralProphet,18.517480468749987,22.444110332371118,0.7777777777777778
