Model,MAE,RMSE,Directional Accuracy
ExponentialSmoothing,26.184398033594583,34.24670168506789,0.3888888888888889
LSTM,40.609702139245215,52.667061995990295,0.5
