Model,MAE,RMSE,Directional Accuracy
ExponentialSmoothing,12.898205888849485,16.369102434400954,0.5
NeuralProphet,15.731012207031256,19.156879335840422,0.45
