Model,MAE,RMSE,Directional Accuracy
ExponentialSmoothing,20.921389731484737,27.24863602285375,0.5
Transformer,22.34775509171292,29.183650541064534,0.35
