Model,MAE,RMSE,Directional Accuracy
ExponentialSmoothing,7.263196442679043,9.512361546785868,0.55
Transformer,11.634612303352764,13.701829464974942,0.45
