Model,MAE,RMSE,Directional Accuracy
ExponentialSmoothing,17.957519698212877,24.72813680407398,0.5
LSTM,19.916626157954568,26.628194569577218,0.65
