Model,MAE,RMSE,Directional Accuracy
ExponentialSmoothing,31.975815971436408,43.10881962329047,0.5
Transformer,31.009703623894257,44.22795160602166,0.55
