Model,MAE,RMSE,Directional Accuracy
ExponentialSmoothing,19.922073098160332,28.158691800669658,0.8
NeuralProphet,23.97105639648438,30.497453038659035,0.55
