Model,MAE,RMSE,Directional Accuracy
ExponentialSmoothing,25.353262831385393,41.05205265908453,0.5
NeuralProphet,26.837974853515608,39.26243465809556,0.4
