Model,MAE,RMSE,Directional Accuracy
ExponentialSmoothing,17.095625817970717,25.547108424333945,0.6111111111111112
NeuralProphet,17.26626027960528,22.623888030410036,0.2777777777777778
