Model,MAE,RMSE,Directional Accuracy
ExponentialSmoothing,16.833627139678846,21.15691260789508,0.45
LSTM,37.086323883636354,52.89172017155156,0.6
