Model,MAE,RMSE,Directional Accuracy
ExponentialSmoothing,25.13421990014816,31.112755237657087,0.45
LSTM,21.626150405804708,27.794949404984603,0.65
