Model,MAE,RMSE,Directional Accuracy
ExponentialSmoothing,14.506293352140426,18.949906856598744,0.8
LSTM,36.326380494049374,40.95683668982611,0.4
