Model,MAE,RMSE,Directional Accuracy
ExponentialSmoothing,22.259086409187034,28.13657598435496,0.45
NeuralProphet,24.05434423828126,29.497796267553273,0.55
