Model,MAE,RMSE,Directional Accuracy
ExponentialSmoothing,22.219377389173292,28.21586822051984,0.4
LSTM,21.757647063708554,28.426178829659822,0.55
