Model,MAE,RMSE,Directional Accuracy
ExponentialSmoothing,21.41644843604015,24.819743542819364,0.4
Transformer,21.75357440364153,27.01557177925547,0.5
