Model,MAE,RMSE,Directional Accuracy
ExponentialSmoothing,13.487276080295453,18.352012370365745,0.45
Transformer,23.0806784434032,28.143223562027163,0.45
