Model,MAE,RMSE,Directional Accuracy
ExponentialSmoothing,16.953088781365942,25.534994239025036,0.5555555555555556
LSTM,19.275277736091205,24.971144459232463,0.3888888888888889
