Model,MAE,RMSE,Directional Accuracy
ExponentialSmoothing,15.331645163149096,20.13118541967766,0.4
Transformer,34.2501283304902,51.976161068635186,0.7
