Model,MAE,RMSE,Directional Accuracy
ExponentialSmoothing,14.971829717895456,18.819110639643494,0.65
LSTM,22.954185054108176,25.493094977262228,0.35
