Model,MAE,RMSE,Directional Accuracy
ExponentialSmoothing,14.520413313454162,18.382639101666978,0.4
Transformer,48.695071148126125,81.00900409352784,0.7
