Model,MAE,RMSE,Directional Accuracy
ExponentialSmoothing,17.46649523148318,24.55079196036426,0.45
Transformer,76.66525261120388,123.7267779170443,0.5
