Model,MAE,RMSE,Directional Accuracy
ExponentialSmoothing,21.72398897294097,27.34006297042979,0.6111111111111112
Transformer,30.939363763087876,39.76073265505923,0.3888888888888889
