Model,MAE,RMSE,Directional Accuracy
ExponentialSmoothing,25.11780689094943,33.08129756037496,0.75
Transformer,28.362065278560145,32.37276093974711,0.5
