Model,MAE,RMSE,Directional Accuracy
ExponentialSmoothing,19.922073098160332,28.158691800669658,0.8
LSTM,31.810252748242863,37.5915216649394,0.45
