Model,MAE,RMSE,Directional Accuracy
ExponentialSmoothing,17.872839570059362,21.741710332875968,0.45
LSTM,18.796225771791388,24.05888803856919,0.45
