Model,MAE,RMSE,Directional Accuracy
ExponentialSmoothing,15.574127414800433,18.776596569269028,0.8
Transformer,33.30041020603784,38.1999951090115,0.5
