Model,MAE,RMSE,Directional Accuracy
ExponentialSmoothing,26.706500200585495,32.760858732293855,0.6111111111111112
Transformer,37.21301448957377,48.1003536426439,0.4444444444444444
