Model,MAE,RMSE,Directional Accuracy
ExponentialSmoothing,15.574127414800433,18.776596569269028,0.8
LSTM,33.28715608632185,39.82287328454461,0.5
