Model,MAE,RMSE,Directional Accuracy
ExponentialSmoothing,26.22673939274573,36.680708377691275,0.7777777777777778
LSTM,25.168881088179802,29.48729647384118,0.4444444444444444
