Model,MAE,RMSE,Directional Accuracy
ExponentialSmoothing,8.977339376857504,12.121010849371082,0.55
LSTM,13.86297404831124,17.128340414242356,0.45
