Model,MAE,RMSE,Directional Accuracy
ExponentialSmoothing,22.734939256670827,39.90250136277593,0.45
NeuralProphet,23.71345361328124,38.27381485621307,0.4
