Model,MAE,RMSE,Directional Accuracy
ExponentialSmoothing,32.385983765258324,43.66088182732078,0.5
Transformer,29.987003990332255,43.630129908757844,0.65
