Model,MAE,RMSE,Directional Accuracy
ExponentialSmoothing,16.787274298915484,21.436421683628247,0.7777777777777778
NeuralProphet,23.64800830078125,29.31522408104669,0.6111111111111112
