Model,MAE,RMSE,Directional Accuracy
ExponentialSmoothing,21.063942503525414,28.27429570997612,0.75
NeuralProphet,22.902018554687494,27.989378174480215,0.45
