Model,MAE,RMSE,Directional Accuracy
ExponentialSmoothing,29.50343485727109,40.399503808738494,0.45
Transformer,29.912366584257597,42.20534132872566,0.5
