Model,MAE,RMSE,Directional Accuracy
ExponentialSmoothing,25.220756347720556,31.15972832560279,0.4
NeuralProphet,26.125357910156243,32.215213577761176,0.65
