Model,MAE,RMSE,Directional Accuracy
ExponentialSmoothing,16.720184817102677,21.317771847211567,0.4
Transformer,50.83446382595942,78.39524484646637,0.55
