Model,MAE,RMSE,Directional Accuracy
ExponentialSmoothing,24.982589801794933,36.55902955993251,0.7222222222222222
LSTM,31.523135310957144,38.725226466192744,0.3333333333333333
