Model,MAE,RMSE,Directional Accuracy
ExponentialSmoothing,22.180287353560697,39.62584878180902,0.45
NeuralProphet,25.132734619140603,37.76349313378201,0.45
