Model,MAE,RMSE,Directional Accuracy
ExponentialSmoothing,16.787274298915484,21.436421683628247,0.7777777777777778
LSTM,21.278309182425005,26.532445742806114,0.5555555555555556
