Model,MAE,RMSE,Directional Accuracy
ExponentialSmoothing,25.353262831385393,41.05205265908453,0.5
Transformer,36.71674822902963,48.155046368617406,0.6
