Model,MAE,RMSE,Directional Accuracy
ExponentialSmoothing,8.79759831527,12.089077811238933,0.55
NeuralProphet,11.83397656249998,15.236018247457721,0.55
