Model,MAE,RMSE,Directional Accuracy
ExponentialSmoothing,21.98803165371903,30.29296283121001,0.35
Transformer,81.50904036359678,125.03877946639636,0.45
