Model,MAE,RMSE,Directional Accuracy
ExponentialSmoothing,21.41644843604015,24.819743542819364,0.4
LSTM,22.00475368033035,27.306105352210302,0.45
