Model,MAE,RMSE,Directional Accuracy
ExponentialSmoothing,22.748028924453138,28.08558611486841,0.5
LSTM,47.84711312969891,64.27276011569394,0.6
