Model,MAE,RMSE,Directional Accuracy
ExponentialSmoothing,15.901910561673105,18.867619898045277,0.75
Transformer,34.03131736930599,38.66264055497404,0.5
