Model,MAE,RMSE,Directional Accuracy
ExponentialSmoothing,28.980637744923047,43.542354382170345,0.5
NeuralProphet,31.39012597656248,43.11303982845129,0.3
