Model,MAE,RMSE,Directional Accuracy
ExponentialSmoothing,20.592047123832923,27.915797769774183,0.7
NeuralProphet,26.387093994140628,32.496748258602736,0.65
