Model,MAE,RMSE,Directional Accuracy
ExponentialSmoothing,22.70759959875994,29.116982293509686,0.5
LSTM,20.30687799811343,27.22240001991808,0.7
