Model,MAE,RMSE,Directional Accuracy
ExponentialSmoothing,16.953088781365942,25.534994239025036,0.5555555555555556
Transformer,20.647009457660094,26.6747476273053,0.3888888888888889
