Model,MAE,RMSE,Directional Accuracy
ExponentialSmoothing,16.720184817102677,21.317771847211567,0.4
LSTM,41.12571120244418,58.406132145669275,0.6
