Model,MAE,RMSE,Directional Accuracy
ExponentialSmoothing,16.082815731676977,20.949168271444957,0.6666666666666666
NeuralProphet,16.419449707031266,20.498340930214916,0.6111111111111112
