Model,MAE,RMSE,Directional Accuracy
ExponentialSmoothing,24.330106569640872,32.83570506815425,0.85
LSTM,31.861605268458913,37.90196483481305,0.45
