Model,MAE,RMSE,Directional Accuracy
ExponentialSmoothing,29.66560859864511,41.143237531378404,0.4
LSTM,30.601308365739943,43.03838973783468,0.5
