Model,MAE,RMSE,Directional Accuracy
ExponentialSmoothing,16.817284260534052,21.35323493144474,0.7777777777777778
NeuralProphet,17.769828857421874,21.89993254740599,0.5555555555555556
