Model,MAE,RMSE,Directional Accuracy
ExponentialSmoothing,21.89693761573134,25.115475576858756,0.4
Transformer,23.33964211456854,28.066067333909128,0.5
