Model,MAE,RMSE,Directional Accuracy
ExponentialSmoothing,18.855633291897256,21.97619456619999,0.4
Transformer,18.360526640497937,22.291735630063553,0.5
