Model,MAE,RMSE,Directional Accuracy
ExponentialSmoothing,26.861015063088274,33.213304474507346,0.5
Transformer,59.029373196199245,83.15515308663869,0.3888888888888889
