Model,MAE,RMSE,Directional Accuracy
ExponentialSmoothing,14.971829717895456,18.819110639643494,0.65
Transformer,21.415102145477807,23.561610511943627,0.35
