Model,MAE,RMSE,Directional Accuracy
ExponentialSmoothing,27.76372294961717,37.49611517384661,0.5555555555555556
LSTM,24.255073210435047,29.283921466766763,0.3888888888888889
