Model,MAE,RMSE,Directional Accuracy
ExponentialSmoothing,26.74019810738948,32.8365122547131,0.55
LSTM,56.489900744263615,69.08536113612757,0.5
