Model,MAE,RMSE,Directional Accuracy
ExponentialSmoothing,23.112357341362134,28.68425935072603,0.45
LSTM,21.98132099774863,28.498625964043022,0.6
