Model,MAE,RMSE,Directional Accuracy
ExponentialSmoothing,20.036497206688466,28.13408001286583,0.75
LSTM,31.711797307585393,37.65592152108658,0.5
