Model,MAE,RMSE,Directional Accuracy
ExponentialSmoothing,8.05632620707379,10.894798743523197,0.6
LSTM,13.828390490320203,17.338123470193484,0.55
