Model,MAE,RMSE,Directional Accuracy
ExponentialSmoothing,22.751817964785165,39.81159071203732,0.45
Transformer,32.860642006129055,45.43263631190376,0.55
