Model,MAE,RMSE,Directional Accuracy
ExponentialSmoothing,16.76281654898803,24.98439390809167,0.5
LSTM,19.050128469892105,24.557294783932996,0.45
