Model,MAE,RMSE,Directional Accuracy
ExponentialSmoothing,22.180287353560697,39.62584878180902,0.45
Transformer,33.82198676580233,45.688994927336935,0.5
