Model,MAE,RMSE,Directional Accuracy
ExponentialSmoothing,28.404305343686303,36.58492997397642,0.3888888888888889
LSTM,36.13786118713442,46.508135915932776,0.3888888888888889
