Model,MAE,RMSE,Directional Accuracy
ExponentialSmoothing,9.216263017246206,12.248736394580007,0.6
LSTM,14.131950908941269,17.410957250005577,0.55
