Model,MAE,RMSE,Directional Accuracy
ExponentialSmoothing,17.46877607359702,21.001998342173373,0.45
NeuralProphet,18.861129638671876,23.762238181752476,0.5
