Model,MAE,RMSE,Directional Accuracy
ExponentialSmoothing,29.66560859864511,41.143237531378404,0.4
NeuralProphet,32.57374902343747,40.24995831483421,0.3
