Model,MAE,RMSE,Directional Accuracy
ExponentialSmoothing,24.454593290951106,40.52381853707567,0.45
LSTM,30.61878992755725,41.65099540212111,0.6
