Model,MAE,RMSE,Directional Accuracy
ExponentialSmoothing,10.592602394973756,13.126278104547897,0.65
LSTM,19.001507794032886,22.191388113275043,0.65
