Model,MAE,RMSE,Directional Accuracy
ExponentialSmoothing,11.721494573510393,14.315498801739315,0.7
LSTM,21.783428340093643,25.11780749728977,0.65
