Model,MAE,RMSE,Directional Accuracy
ExponentialSmoothing,23.112357341362134,28.68425935072603,0.45
NeuralProphet,25.945381347656244,32.720170140904045,0.4
