Model,MAE,RMSE,Directional Accuracy
ExponentialSmoothing,32.51954207856992,42.619417226862346,0.5
Transformer,32.116400539298226,43.7114384671522,0.55
