Model,MAE,RMSE,Directional Accuracy
ExponentialSmoothing,26.203409525037806,32.44969597452592,0.55
LSTM,46.330118184959304,57.62276167209704,0.45
