Model,MAE,RMSE,Directional Accuracy
ExponentialSmoothing,17.095625817970717,25.547108424333945,0.6111111111111112
Transformer,21.985372175595224,27.36043980675458,0.3888888888888889
