Model,MAE,RMSE,Directional Accuracy
ExponentialSmoothing,23.59617907218135,28.998808190301652,0.5
NeuralProphet,22.931096191406265,27.141286919833654,0.65
