Model,MAE,RMSE,Directional Accuracy
ExponentialSmoothing,30.243661535605792,37.8705788588891,0.3888888888888889
LSTM,40.37172760871497,52.083691077661705,0.5
