Model,MAE,RMSE,Directional Accuracy
ExponentialSmoothing,16.318633798441773,20.722322461667634,0.35
LSTM,42.69294978653443,59.3268080442515,0.55
