Model,MAE,RMSE,Directional Accuracy
ExponentialSmoothing,12.898205888849485,16.369102434400954,0.5
Transformer,17.53207752759232,20.911748701114398,0.4
