Model,MAE,RMSE,Directional Accuracy
ExponentialSmoothing,9.509859033612111,12.542454527053376,0.65
Transformer,15.0344649940316,17.927155681397448,0.55
