Model,MAE,RMSE,Directional Accuracy
ExponentialSmoothing,10.592602394973756,13.126278104547897,0.65
Transformer,18.312591938168158,21.232225703605106,0.6
