Model,MAE,RMSE,Directional Accuracy
ExponentialSmoothing,7.194934812250073,11.10994819149681,0.6
Transformer,10.797674885262756,13.287905545317928,0.7
