Model,MAE,RMSE,Directional Accuracy
ExponentialSmoothing,10.626342548758327,14.680256185237278,0.6
Transformer,15.11637941133165,18.410373780172048,0.65
