Model,MAE,RMSE,Directional Accuracy
ExponentialSmoothing,17.37921390649209,21.51093683770816,0.5555555555555556
LSTM,19.78836228926074,24.621854430021354,0.5
