Model,MAE,RMSE,Directional Accuracy
ExponentialSmoothing,19.658316477858648,27.797784328548282,0.8
NeuralProphet,21.977988525390618,28.382131333470603,0.4
