Model,MAE,RMSE,Directional Accuracy
ExponentialSmoothing,16.817284260534052,21.35323493144474,0.7777777777777778
LSTM,21.293635380408624,26.460651214998176,0.5555555555555556
