Model,MAE,RMSE,Directional Accuracy
ExponentialSmoothing,9.954822209168537,12.843912229686278,0.6
Transformer,16.2839758330686,19.024722191782544,0.45
