Model,MAE,RMSE,Directional Accuracy
ExponentialSmoothing,26.203409525037806,32.44969597452592,0.55
Transformer,62.72457703343672,83.97335645717108,0.4
