Model,MAE,RMSE,Directional Accuracy
ExponentialSmoothing,24.454593290951106,40.52381853707567,0.45
NeuralProphet,25.116103515624978,37.40377922263294,0.4
