Model,MAE,RMSE,Directional Accuracy
ExponentialSmoothing,15.397822116656949,19.46025533529668,0.8
LSTM,33.98442303777098,39.855285445403226,0.5
