Model,MAE,RMSE,Directional Accuracy
ExponentialSmoothing,20.036497206688466,28.13408001286583,0.75
Transformer,27.73223485627974,31.541433876145003,0.55
