Model,MAE,RMSE,Directional Accuracy
ExponentialSmoothing,26.588991089692183,36.94849283478604,0.7222222222222222
Transformer,25.842304404222144,30.50303584731117,0.4444444444444444
