Model,MAE,RMSE,Directional Accuracy
ExponentialSmoothing,21.750767876946778,30.107820442880193,0.6666666666666666
NeuralProphet,22.190212530838824,28.61671518601283,0.3333333333333333
