Model,MAE,RMSE,Directional Accuracy
ExponentialSmoothing,16.953088781365942,25.534994239025036,0.5555555555555556
NeuralProphet,17.060929533305938,22.455203765104468,0.3888888888888889
