Model,MAE,RMSE,Directional Accuracy
ExponentialSmoothing,18.611273067470847,25.051397003582213,0.4
Transformer,75.58027849565153,123.37397294174912,0.65
