Model,MAE,RMSE,Directional Accuracy
ExponentialSmoothing,24.38904398071886,40.518310587737794,0.4
LSTM,30.405245173155958,41.66956464193809,0.65
