Model,MAE,RMSE,Directional Accuracy
ExponentialSmoothing,20.036497206688466,28.13408001286583,0.75
NeuralProphet,24.759416259765622,29.9345680485358,0.3
