Model,MAE,RMSE,Directional Accuracy
ExponentialSmoothing,21.096358545456383,39.2808552436842,0.45
Transformer,28.12975515674924,40.39859928973922,0.5
