Model,MAE,RMSE,Directional Accuracy
ExponentialSmoothing,14.666325342434083,19.38073206539042,0.45
Transformer,20.85510226213187,25.207311414113732,0.4
