Model,MAE,RMSE,Directional Accuracy
ExponentialSmoothing,28.404305343686303,36.58492997397642,0.3888888888888889
Transformer,60.26035500864545,102.02649162654963,0.3888888888888889
