Model,MAE,RMSE,Directional Accuracy
ExponentialSmoothing,9.954822209168537,12.843912229686278,0.6
NeuralProphet,14.40877856445312,18.828312532425155,0.25
