Model,MAE,RMSE,Directional Accuracy
ExponentialSmoothing,25.11780689094943,33.08129756037496,0.75
NeuralProphet,27.263594238281257,34.53108164492844,0.5
