Model,MAE,RMSE,Directional Accuracy
ExponentialSmoothing,9.216263017246206,12.248736394580007,0.6
NeuralProphet,12.006576416015605,14.853357707125769,0.3
