Model,MAE,RMSE,Directional Accuracy
ExponentialSmoothing,16.817284260534052,21.35323493144474,0.7777777777777778
Transformer,21.299244463584284,26.44225649124838,0.6111111111111112
