Model,MAE,RMSE,Directional Accuracy
ExponentialSmoothing,27.727908409716168,34.7968643684888,0.35
Transformer,85.88817027852645,126.65119003608578,0.45
