Model,MAE,RMSE,Directional Accuracy
ExponentialSmoothing,26.588991089692183,36.94849283478604,0.7222222222222222
NeuralProphet,27.920431743421062,34.713292067165206,0.5
