Model,MAE,RMSE,Directional Accuracy
ExponentialSmoothing,30.01768510733828,35.195373271758896,0.5
LSTM,36.919117945784244,46.875257338706895,0.4444444444444444
