Model,MAE,RMSE,Directional Accuracy
ExponentialSmoothing,15.145676969809994,19.278168414032763,0.8
NeuralProphet,18.141484130859386,22.829164526075125,0.6
