Model,MAE,RMSE,Directional Accuracy
ExponentialSmoothing,16.564349796551518,21.529079991544464,0.6666666666666666
LSTM,21.843105101716343,27.049198106273824,0.5555555555555556
