Model,MAE,RMSE,Directional Accuracy
ExponentialSmoothing,16.833627139678846,21.15691260789508,0.45
Transformer,40.80953536282336,59.6962059158552,0.5
