Model,MAE,RMSE,Directional Accuracy
ExponentialSmoothing,27.21589628033279,37.08412540122306,0.6666666666666666
NeuralProphet,25.553038651315784,31.26067972957562,0.6111111111111112
