Model,MAE,RMSE,Directional Accuracy
ExponentialSmoothing,14.880122655797447,18.805902949149107,0.7
Transformer,23.395452322788515,25.302454169611224,0.4
