Model,MAE,RMSE,Directional Accuracy
ExponentialSmoothing,26.87670163886215,36.05700782312114,0.7
LSTM,32.97155615020404,38.784056338028364,0.45
