Model,MAE,RMSE,Directional Accuracy
ExponentialSmoothing,27.76372294961717,37.49611517384661,0.5555555555555556
Transformer,25.260902968916707,30.739418078220844,0.3888888888888889
