Model,MAE,RMSE,Directional Accuracy
ExponentialSmoothing,12.898205888849485,16.369102434400954,0.5
LSTM,16.280629014520457,19.355353868986114,0.4
