Model,MAE,RMSE,Directional Accuracy
ExponentialSmoothing,9.509859033612111,12.542454527053376,0.65
NeuralProphet,13.13571875,17.03368513632582,0.4
