Model,MAE,RMSE,Directional Accuracy
ExponentialSmoothing,34.33133371482249,43.82209584544373,0.5
NeuralProphet,34.04029492187497,42.84720319078382,0.4
