Model,MAE,RMSE,Directional Accuracy
ExponentialSmoothing,23.19844612368407,31.012248405507684,0.35
LSTM,53.17998087585702,65.71543763698874,0.5
