Model,MAE,RMSE,Directional Accuracy
ExponentialSmoothing,21.6254243356762,28.969655700944703,0.8
Transformer,29.113955160249294,32.45818061029153,0.5
