Model,MAE,RMSE,Directional Accuracy
ExponentialSmoothing,6.732509875038159,9.410088040715445,0.55
Transformer,11.84604202560322,14.219075635462703,0.4
