Model,MAE,RMSE,Directional Accuracy
ExponentialSmoothing,30.01768510733828,35.195373271758896,0.5
Transformer,51.65935158348954,73.44808311172774,0.3333333333333333
