Model,MAE,RMSE,Directional Accuracy
ExponentialSmoothing,21.615993727912862,31.274510790470693,0.8333333333333334
NeuralProphet,24.034149362664447,31.241659114207128,0.5
