Model,MAE,RMSE,Directional Accuracy
ExponentialSmoothing,26.588991089692183,36.94849283478604,0.7222222222222222
LSTM,24.8466923601387,29.43942616558987,0.4444444444444444
