Model,MAE,RMSE,Directional Accuracy
ExponentialSmoothing,16.63013968520181,21.295810749454535,0.6666666666666666
Transformer,21.551822960596176,26.95379608382584,0.5555555555555556
