Model,MAE,RMSE,Directional Accuracy
ExponentialSmoothing,23.59617907218135,28.998808190301652,0.5
LSTM,25.977484847700943,32.33854510305272,0.7
