Model,MAE,RMSE,Directional Accuracy
ExponentialSmoothing,30.215742929611746,41.16752487001822,0.5
NeuralProphet,26.940949707031223,36.91527017541765,0.5
