Model,MAE,RMSE,Directional Accuracy
ExponentialSmoothing,14.305163538243516,19.159185465359737,0.4
Transformer,22.889905476594198,28.125080347195453,0.4
