Model,MAE,RMSE,Directional Accuracy
ExponentialSmoothing,22.259086409187034,28.13657598435496,0.45
LSTM,22.173782887107098,28.535187751504694,0.6
