Model,MAE,RMSE,Directional Accuracy
ExponentialSmoothing,17.06154970083121,21.475115995328437,0.8333333333333334
Transformer,27.604820610657338,32.828891951798056,0.5555555555555556
