Model,MAE,RMSE,Directional Accuracy
ExponentialSmoothing,25.67312596669139,36.65796400876768,0.7222222222222222
NeuralProphet,26.651597964638157,33.264800569258234,0.5555555555555556
