Model,MAE,RMSE,Directional Accuracy
ExponentialSmoothing,26.23001509671176,32.57837519703717,0.55
Transformer,57.78506628102288,75.23304674641196,0.45
