Model,MAE,RMSE,Directional Accuracy
ExponentialSmoothing,27.551013600098976,39.67769926186656,0.45
Transformer,30.0669983091169,42.263226631174994,0.45
