Model,MAE,RMSE,Directional Accuracy
ExponentialSmoothing,19.81959073929918,26.273163856194,0.55
Transformer,21.327541991898944,28.47247729940354,0.7
