Model,MAE,RMSE,Directional Accuracy
ExponentialSmoothing,24.982589801794933,36.55902955993251,0.7222222222222222
NeuralProphet,26.045443307976964,33.656783205359304,0.6666666666666666
