Model,MAE,RMSE,Directional Accuracy
ExponentialSmoothing,16.20236406679037,21.039587042407128,0.7222222222222222
LSTM,21.411738610894815,26.486407552379575,0.4444444444444444
