Model,MAE,RMSE,Directional Accuracy
ExponentialSmoothing,8.79759831527,12.089077811238933,0.55
Transformer,14.922203896712825,18.037406088044836,0.45
