Model,MAE,RMSE,Directional Accuracy
ExponentialSmoothing,17.687624417280574,25.42404330660696,0.75
NeuralProphet,21.995052001953116,26.35629104293445,0.4
