Model,MAE,RMSE,Directional Accuracy
ExponentialSmoothing,10.626342548758327,14.680256185237278,0.6
NeuralProphet,12.270731201171873,15.628968898616957,0.35
