Model,MAE,RMSE,Directional Accuracy
ExponentialSmoothing,16.63013968520181,21.295810749454535,0.6666666666666666
LSTM,21.100937176648564,25.54647771855519,0.5555555555555556
