Model,MAE,RMSE,Directional Accuracy
ExponentialSmoothing,13.487276080295453,18.352012370365745,0.45
LSTM,21.325584245696348,26.301257743233105,0.45
