Model,MAE,RMSE,Directional Accuracy
ExponentialSmoothing,7.401322044874291,9.817545094283224,0.6
LSTM,10.379239563932833,12.597689928935171,0.35
