Model,MAE,RMSE,Directional Accuracy
ExponentialSmoothing,8.79759831527,12.089077811238933,0.55
LSTM,13.041978245428812,16.34319992669495,0.4
