Model,MAE,RMSE,Directional Accuracy
ExponentialSmoothing,32.385983765258324,43.66088182732078,0.5
LSTM,29.43548910797183,43.092967017273864,0.65
