Model,MAE,RMSE,Directional Accuracy
ExponentialSmoothing,26.184398033594583,34.24670168506789,0.3888888888888889
Transformer,72.10560228033157,117.94018839817042,0.3888888888888889
