Model,MAE,RMSE,Directional Accuracy
ExponentialSmoothing,16.564349796551518,21.529079991544464,0.6666666666666666
Transformer,22.974073469091387,28.77929606187003,0.5555555555555556
