Model,MAE,RMSE,Directional Accuracy
ExponentialSmoothing,21.58829763255708,27.373821084861355,0.35
LSTM,19.095255088473834,24.55396148655527,0.65
