Model,MAE,RMSE,Directional Accuracy
ExponentialSmoothing,15.574127414800433,18.776596569269028,0.8
NeuralProphet,19.51175610351562,25.406000624357944,0.7
