Model,MAE,RMSE,Directional Accuracy
ExponentialSmoothing,16.882691957506392,21.489526966475875,0.4
Transformer,41.99522855530536,67.03198861237999,0.5
