Model,MAE,RMSE,Directional Accuracy
ExponentialSmoothing,19.652265147778586,27.787261519401813,0.8
LSTM,33.24493974377954,38.59548206129708,0.55
