Model,MAE,RMSE,Directional Accuracy
ExponentialSmoothing,15.145676969809994,19.278168414032763,0.8
Transformer,34.419084714035705,38.14757451494731,0.4
