Model,MAE,RMSE,Directional Accuracy
ExponentialSmoothing,21.903941598332636,27.55526769729223,0.5555555555555556
LSTM,32.545326567065594,39.45084181563821,0.4444444444444444
