Model,MAE,RMSE,Directional Accuracy
ExponentialSmoothing,22.259086409187034,28.13657598435496,0.45
Transformer,22.809126224166118,29.570265842907894,0.55
