Model,MAE,RMSE,Directional Accuracy
ExponentialSmoothing,22.42314230683139,26.492632945103523,0.45
LSTM,24.043140726686705,28.50363601483286,0.45
