Model,MAE,RMSE,Directional Accuracy
ExponentialSmoothing,27.727908409716168,34.7968643684888,0.35
LSTM,52.063341380726214,65.70106143245404,0.55
