Model,MAE,RMSE,Directional Accuracy
ExponentialSmoothing,26.22673939274573,36.680708377691275,0.7777777777777778
Transformer,25.739599502084896,30.339147473338883,0.4444444444444444
