Model,MAE,RMSE,Directional Accuracy
ExponentialSmoothing,14.666325342434083,19.38073206539042,0.45
LSTM,19.37492571694788,23.9388921326163,0.4
