Model,MAE,RMSE,Directional Accuracy
ExponentialSmoothing,17.095625817970717,25.547108424333945,0.6111111111111112
LSTM,20.954102235176748,25.915342735114148,0.3888888888888889
