Model,MAE,RMSE,Directional Accuracy
ExponentialSmoothing,29.216867829220142,43.690657450324366,0.5
LSTM,30.263787307038776,42.83606587240635,0.7
