Model,MAE,RMSE,Directional Accuracy
ExponentialSmoothing,8.05632620707379,10.894798743523197,0.6
Transformer,13.877927314546582,16.795297913310097,0.6
