Model,MAE,RMSE,Directional Accuracy
ExponentialSmoothing,19.658316477858648,27.797784328548282,0.8
LSTM,32.68392547580662,37.98094263092063,0.6
