Model,MAE,RMSE,Directional Accuracy
ExponentialSmoothing,13.03647244081112,16.353138866574756,0.55
LSTM,16.714635202922615,19.727183303682157,0.45
