Model,MAE,RMSE,Directional Accuracy
ExponentialSmoothing,24.330106569640872,32.83570506815425,0.85
Transformer,28.130201534308718,32.127678555213535,0.5
