Model,MAE,RMSE,Directional Accuracy
ExponentialSmoothing,17.46649523148318,24.55079196036426,0.45
LSTM,43.45901408823529,60.558421284122225,0.6
