Model,MAE,RMSE,Directional Accuracy
ExponentialSmoothing,25.67312596669139,36.65796400876768,0.7222222222222222
Transformer,26.204460498883464,30.983197349811174,0.4444444444444444
