Model,MAE,RMSE,Directional Accuracy
ExponentialSmoothing,23.332980168299695,28.789069007207054,0.45
LSTM,49.20435464442319,64.69399526193628,0.6
