Model,MAE,RMSE,Directional Accuracy
ExponentialSmoothing,21.89693761573134,25.115475576858756,0.4
NeuralProphet,21.107173339843733,27.50528339363407,0.5
