Model,MAE,RMSE,Directional Accuracy
ExponentialSmoothing,16.457727493100105,20.263483166711424,0.65
Transformer,27.8081933460394,30.556781070593953,0.35
