Model,MAE,RMSE,Directional Accuracy
ExponentialSmoothing,21.615993727912862,31.274510790470693,0.8333333333333334
Transformer,27.561813748142175,32.04580918286663,0.5
