Model,MAE,RMSE,Directional Accuracy
ExponentialSmoothing,11.66092746215828,14.756499926199721,0.65
LSTM,17.909769625526554,21.278190604462203,0.5
