Model,MAE,RMSE,Directional Accuracy
ExponentialSmoothing,18.518254465320844,25.022908634904237,0.4
Transformer,67.4929435389827,103.31552131792887,0.55
