Model,MAE,RMSE,Directional Accuracy
ExponentialSmoothing,24.38904398071886,40.518310587737794,0.4
Transformer,33.77653098119545,45.73946758057085,0.65
