Model,MAE,RMSE,Directional Accuracy
ExponentialSmoothing,27.551013600098976,39.67769926186656,0.45
LSTM,30.517918412210918,42.88542291988575,0.45
