Model,MAE,RMSE,Directional Accuracy
ExponentialSmoothing,15.145676969809994,19.278168414032763,0.8
LSTM,36.329239984769245,40.84677340169852,0.4
