Model,MAE,RMSE,Directional Accuracy
ExponentialSmoothing,8.665493515082995,13.108259729825791,0.55
LSTM,11.702171761855562,14.649508553151056,0.7
