Model,MAE,RMSE,Directional Accuracy
ExponentialSmoothing,17.6371067656798,24.621800538695478,0.5
Transformer,76.28447551481523,123.71019006326966,0.6
