Model,MAE,RMSE,Directional Accuracy
ExponentialSmoothing,17.687624417280574,25.42404330660696,0.75
Transformer,22.717561947314742,25.938971418535516,0.65
