Model,MAE,RMSE,Directional Accuracy
ExponentialSmoothing,29.242377220281014,43.505106805288506,0.45
Transformer,34.52685924818768,47.53179376293069,0.6
