Model,MAE,RMSE,Directional Accuracy
ExponentialSmoothing,7.401322044874291,9.817545094283224,0.6
Transformer,11.413241272598839,13.429894642770856,0.35
