Model,MAE,RMSE,Directional Accuracy
ExponentialSmoothing,10.592602394973756,13.126278104547897,0.65
NeuralProphet,14.71251171875,17.699972044218754,0.4
