Model,MAE,RMSE,Directional Accuracy
ExponentialSmoothing,7.263196442679043,9.512361546785868,0.55
NeuralProphet,9.166606933593744,11.112778038279977,0.4
