Model,MAE,RMSE,Directional Accuracy
ExponentialSmoothing,14.305163538243516,19.159185465359737,0.4
LSTM,21.283966230375665,26.379506504270267,0.4
