Model,MAE,RMSE,Directional Accuracy
ExponentialSmoothing,11.66092746215828,14.756499926199721,0.65
Transformer,16.67959072099317,19.38729081358902,0.55
