Model,MAE,RMSE,Directional Accuracy
ExponentialSmoothing,16.76281654898803,24.98439390809167,0.5
Transformer,20.42939094208567,26.163145179319606,0.4
