Model,MAE,RMSE,Directional Accuracy
ExponentialSmoothing,22.219377389173292,28.21586822051984,0.4
Transformer,23.114715316272033,29.623704221546912,0.45
