Model,MAE,RMSE,Directional Accuracy
ExponentialSmoothing,17.957519698212877,24.72813680407398,0.5
Transformer,20.393271937458838,27.464986946584613,0.65
