Model,MAE,RMSE,Directional Accuracy
ExponentialSmoothing,22.734939256670827,39.90250136277593,0.45
Transformer,32.50019694783017,45.5117130943346,0.55
