Model,MAE,RMSE,Directional Accuracy
ExponentialSmoothing,10.64253823055327,13.131037150770704,0.55
LSTM,17.719766838063244,21.45394211290948,0.65
