Model,MAE,RMSE,Directional Accuracy
ExponentialSmoothing,30.215742929611746,41.16752487001822,0.5
LSTM,29.35815537009796,42.71876968696721,0.6
