Model,MAE,RMSE,Directional Accuracy
ExponentialSmoothing,15.397822116656949,19.46025533529668,0.8
NeuralProphet,20.49404541015624,24.295562329718166,0.4
