Model,MAE,RMSE,Directional Accuracy
ExponentialSmoothing,16.882691957506392,21.489526966475875,0.4
LSTM,37.0808351064757,52.914661732730956,0.6
