Model,MAE,RMSE,Directional Accuracy
ExponentialSmoothing,14.821824944213574,19.13636149152261,0.75
Transformer,30.833411013356034,34.58867482315993,0.35
