Model,MAE,RMSE,Directional Accuracy
ExponentialSmoothing,34.33133371482249,43.82209584544373,0.5
LSTM,31.8333936850697,43.61385652899861,0.55
