Model,MAE,RMSE,Directional Accuracy
ExponentialSmoothing,28.980637744923047,43.542354382170345,0.5
Transformer,33.28018600138341,46.78386594812239,0.6
