Model,MAE,RMSE,Directional Accuracy
ExponentialSmoothing,23.112357341362134,28.68425935072603,0.45
Transformer,23.3112251248696,29.660832249906633,0.45
