Model,MAE,RMSE,Directional Accuracy
ExponentialSmoothing,18.510765706447522,25.746745861254382,0.7
NeuralProphet,21.97678247070312,26.07632874091615,0.4
