Model,MAE,RMSE,Directional Accuracy
ExponentialSmoothing,22.70759959875994,29.116982293509686,0.5
Transformer,20.572040370702542,28.082870605089475,0.7
