Model,MAE,RMSE,Directional Accuracy
ExponentialSmoothing,34.33133371482249,43.82209584544373,0.5
Transformer,31.595358716012583,43.14546906800997,0.55
