Model,MAE,RMSE,Directional Accuracy
ExponentialSmoothing,25.13421990014816,31.112755237657087,0.45
NeuralProphet,28.942523193359374,34.8050999664016,0.4
