Model,MAE,RMSE,Directional Accuracy
ExponentialSmoothing,10.642283954673427,13.14437555747353,0.6
LSTM,17.510454484420972,21.105418870411523,0.6
