Model,MAE,RMSE,Directional Accuracy
ExponentialSmoothing,15.331645163149096,20.13118541967766,0.4
LSTM,32.12921047992775,48.637667024254775,0.75
