Model,MAE,RMSE,Directional Accuracy
ExponentialSmoothing,17.642850666604772,21.546637279470517,0.5
Transformer,19.93771026159184,26.050088061279457,0.6
