Model,MAE,RMSE,Directional Accuracy
ExponentialSmoothing,19.601099084009036,25.53543893756119,0.4
Transformer,33.99003563980189,53.30731262128224,0.7
