Model,MAE,RMSE,Directional Accuracy
ExponentialSmoothing,32.51954207856992,42.619417226862346,0.5
LSTM,32.04258858452722,43.942255503882464,0.55
