Model,MAE,RMSE,Directional Accuracy
ExponentialSmoothing,8.931030938538253,13.066129071754993,0.7
LSTM,11.597807189563412,14.746666150007734,0.7
