Model,MAE,RMSE,Directional Accuracy
ExponentialSmoothing,24.982589801794933,36.55902955993251,0.7222222222222222
Transformer,27.25247355339734,32.4553927432393,0.3888888888888889
