Model,MAE,RMSE,Directional Accuracy
ExponentialSmoothing,26.22673939274573,36.680708377691275,0.7777777777777778
NeuralProphet,27.541455849095403,35.72627597849398,0.5
