Model,MAE,RMSE,Directional Accuracy
ExponentialSmoothing,7.194934812250073,11.10994819149681,0.6
LSTM,10.537283411492615,12.783644245501852,0.7
