Model,MAE,RMSE,Directional Accuracy
ExponentialSmoothing,29.242377220281014,43.505106805288506,0.45
NeuralProphet,29.00510424804686,39.93072325598371,0.45
