Model,MAE,RMSE,Directional Accuracy
ExponentialSmoothing,9.954822209168537,12.843912229686278,0.6
LSTM,17.793595760474908,21.16525447001356,0.4
