Model,MAE,RMSE,Directional Accuracy
ExponentialSmoothing,20.272070848116947,26.450183176421927,0.4
LSTM,48.532548967276455,64.4237803343451,0.5
