Model,MAE,RMSE,Directional Accuracy
ExponentialSmoothing,14.137185404174181,18.12938443140342,0.8333333333333334
NeuralProphet,19.577057373046877,25.204777685761368,0.4444444444444444
