Model,MAE,RMSE,Directional Accuracy
ExponentialSmoothing,21.72398897294097,27.34006297042979,0.6111111111111112
LSTM,30.433544843956245,38.624501869592216,0.4444444444444444
