Model,MAE,RMSE,Directional Accuracy
ExponentialSmoothing,32.385983765258324,43.66088182732078,0.5
NeuralProphet,29.611179199218736,37.28354425350909,0.6
