Model,MAE,RMSE,Directional Accuracy
ExponentialSmoothing,31.939830408814533,45.63082361035494,0.5
LSTM,31.5715420417127,43.36718152135893,0.7
