Model,MAE,RMSE,Directional Accuracy
ExponentialSmoothing,28.18128049314131,33.632745314464806,0.45
LSTM,55.597404721711165,68.4498282230035,0.6
