Model,MAE,RMSE,Directional Accuracy
ExponentialSmoothing,28.980637744923047,43.542354382170345,0.5
LSTM,29.53644105585729,42.02594583800347,0.65
