Model,MAE,RMSE,Directional Accuracy
ExponentialSmoothing,11.721494573510393,14.315498801739315,0.7
Transformer,21.078343508398838,24.41602142953782,0.6
