Model,MAE,RMSE,Directional Accuracy
ExponentialSmoothing,27.21589628033279,37.08412540122306,0.6666666666666666
Transformer,24.478753213427282,29.770657889952105,0.4444444444444444
