Model,MAE,RMSE,Directional Accuracy
ExponentialSmoothing,31.939830408814533,45.63082361035494,0.5
NeuralProphet,40.987821533203125,50.8986259505697,0.4
