Model,MAE,RMSE,Directional Accuracy
ExponentialSmoothing,16.082815731676977,20.949168271444957,0.6666666666666666
Transformer,20.87364738914555,26.403553271740073,0.5
