Model,MAE,RMSE,Directional Accuracy
ExponentialSmoothing,13.166069643492937,16.572648662902836,0.8333333333333334
NeuralProphet,14.638385742187484,17.911932850343998,0.5
