Model,MAE,RMSE,Directional Accuracy
ExponentialSmoothing,24.737016942916135,32.58712708810183,0.4444444444444444
LSTM,34.09951945238381,41.72509437365739,0.3888888888888889
