Model,MAE,RMSE,Directional Accuracy
ExponentialSmoothing,29.242377220281014,43.505106805288506,0.45
LSTM,31.40321208288922,43.370820869978274,0.6
