Model,MAE,RMSE,Directional Accuracy
ExponentialSmoothing,29.50343485727109,40.399503808738494,0.45
NeuralProphet,28.724461181640606,40.650712377400836,0.5
