Model,MAE,RMSE,Directional Accuracy
ExponentialSmoothing,12.05275391132227,14.846475946880574,0.7
Transformer,18.21856411830985,20.642802001492683,0.45
