Model,MAE,RMSE,Directional Accuracy
ExponentialSmoothing,21.41644843604015,24.819743542819364,0.4
NeuralProphet,21.81999804687498,27.203758925970618,0.35
