Model,MAE,RMSE,Directional Accuracy
ExponentialSmoothing,20.592047123832923,27.915797769774183,0.7
Transformer,24.863524321941135,27.290839542171643,0.6
