Model,MAE,RMSE,Directional Accuracy
ExponentialSmoothing,17.687624417280574,25.42404330660696,0.75
LSTM,24.155921143480988,27.151633854273165,0.7
