Model,MAE,RMSE,Directional Accuracy
ExponentialSmoothing,27.065734594832044,34.34650042365439,0.3
Transformer,87.64827540655588,126.9225139142034,0.4
