Model,MAE,RMSE,Directional Accuracy
ExponentialSmoothing,10.626342548758327,14.680256185237278,0.6
LSTM,14.631717236153122,18.340153934791985,0.65
