Model,MAE,RMSE,Directional Accuracy
ExponentialSmoothing,33.51295038725458,43.25921069757527,0.4
LSTM,31.054222517179518,43.08103827699161,0.5
