Model,MAE,RMSE,Directional Accuracy
ExponentialSmoothing,10.642283954673427,13.14437555747353,0.6
NeuralProphet,14.109691894531249,16.75739170625932,0.45
