Model,MAE,RMSE,Directional Accuracy
ExponentialSmoothing,20.592047123832923,27.915797769774183,0.7
LSTM,25.701335982707736,27.909300188191576,0.6
