Model,MAE,RMSE,Directional Accuracy
ExponentialSmoothing,21.750767876946778,30.107820442880193,0.6666666666666666
LSTM,21.37655043917224,26.219276247092893,0.4444444444444444
