Model,MAE,RMSE,Directional Accuracy
ExponentialSmoothing,15.786729254547561,19.251138140894582,0.65
Transformer,27.020480037380707,29.571699431241353,0.3
