Model,MAE,RMSE,Directional Accuracy
ExponentialSmoothing,19.27625488625271,24.35442482029284,0.4
LSTM,31.120256527819834,45.95442739647937,0.65
