Model,MAE,RMSE,Directional Accuracy
ExponentialSmoothing,15.397822116656949,19.46025533529668,0.8
Transformer,34.71171583947091,38.63969595601794,0.5
