Model,MAE,RMSE,Directional Accuracy
ExponentialSmoothing,25.67312596669139,36.65796400876768,0.7222222222222222
LSTM,26.104535770400258,30.66750504330737,0.4444444444444444
