Model,MAE,RMSE,Directional Accuracy
ExponentialSmoothing,19.652265147778586,27.787261519401813,0.8
NeuralProphet,24.486130371093747,30.292027094046286,0.5
