Model,MAE,RMSE,Directional Accuracy
ExponentialSmoothing,23.332980168299695,28.789069007207054,0.45
Transformer,71.6819980450933,99.20465945161756,0.55
