Model,MAE,RMSE,Directional Accuracy
ExponentialSmoothing,18.855633291897256,21.97619456619999,0.4
LSTM,18.874011987514518,22.292690067321224,0.4
