Model,MAE,RMSE,Directional Accuracy
ExponentialSmoothing,22.751817964785165,39.81159071203732,0.45
LSTM,29.705663003700227,41.41328029498881,0.55
