Model,MAE,RMSE,Directional Accuracy
ExponentialSmoothing,8.977339376857504,12.121010849371082,0.55
NeuralProphet,12.244182373046874,15.859522205937788,0.5
