Model,MAE,RMSE,Directional Accuracy
ExponentialSmoothing,14.666325342434083,19.38073206539042,0.45
NeuralProphet,14.425407958984374,19.19972418418859,0.4
