Model,MAE,RMSE,Directional Accuracy
ExponentialSmoothing,21.98803165371903,30.29296283121001,0.35
LSTM,48.103257077063134,63.02174860891571,0.55
