Model,MAE,RMSE,Directional Accuracy
ExponentialSmoothing,14.907151528234886,18.949486469420968,0.8
NeuralProphet,17.856801269531253,22.34606425039309,0.55
