Model,MAE,RMSE,Directional Accuracy
ExponentialSmoothing,16.787274298915484,21.436421683628247,0.7777777777777778
Transformer,22.824011163015825,28.064177924614796,0.5555555555555556
