Model,MAE,RMSE,Directional Accuracy
ExponentialSmoothing,22.748028924453138,28.08558611486841,0.5
Transformer,70.46234307631323,98.92024891752641,0.5
