Model,MAE,RMSE,Directional Accuracy
ExponentialSmoothing,14.880122655797447,18.805902949149107,0.7
NeuralProphet,19.533959960937512,23.299833138662507,0.5
