Model,MAE,RMSE,Directional Accuracy
ExponentialSmoothing,16.457727493100105,20.263483166711424,0.65
LSTM,29.215069838539705,31.506177506477563,0.4
