Model,MAE,RMSE,Directional Accuracy
ExponentialSmoothing,17.37921390649209,21.51093683770816,0.5555555555555556
Transformer,20.772987496960184,26.501855806489232,0.5
