Model,MAE,RMSE,Directional Accuracy
ExponentialSmoothing,19.27625488625271,24.35442482029284,0.4
Transformer,38.65717726604005,64.4888276573004,0.5
