Model,MAE,RMSE,Directional Accuracy
ExponentialSmoothing,19.81959073929918,26.273163856194,0.55
NeuralProphet,20.5598994140625,28.739897981739524,0.45
