Model,MAE,RMSE,Directional Accuracy
ExponentialSmoothing,29.66560859864511,41.143237531378404,0.4
Transformer,30.048706762483768,42.369989520406946,0.5
