Model,MAE,RMSE,Directional Accuracy
ExponentialSmoothing,19.658316477858648,27.797784328548282,0.8
Transformer,28.367027067460846,31.680253503375443,0.65
