Model,MAE,RMSE,Directional Accuracy
ExponentialSmoothing,17.6371067656798,24.621800538695478,0.5
LSTM,43.11848385998019,60.535094943283426,0.7
