Model,MAE,RMSE,Directional Accuracy
ExponentialSmoothing,20.921389731484737,27.24863602285375,0.5
NeuralProphet,21.02906298828127,29.484228408276994,0.65
