Model,MAE,RMSE,Directional Accuracy
ExponentialSmoothing,34.11792559898292,44.807724335658776,0.5
Transformer,30.20465382775485,43.84347996229249,0.6
