Model,MAE,RMSE,Directional Accuracy
ExponentialSmoothing,31.939830408814533,45.63082361035494,0.5
Transformer,34.69690431874365,47.16725195729869,0.65
