Model,MAE,RMSE,Directional Accuracy
ExponentialSmoothing,8.05632620707379,10.894798743523197,0.6
NeuralProphet,11.032966064453126,13.497594059118953,0.3
