Model,MAE,RMSE,Directional Accuracy
ExponentialSmoothing,17.872839570059362,21.741710332875968,0.45
Transformer,19.264113520287196,25.671256009376783,0.6
