Model,MAE,RMSE,Directional Accuracy
ExponentialSmoothing,14.821824944213574,19.13636149152261,0.75
NeuralProphet,19.592992187500023,22.377005533644184,0.45
