Model,MAE,RMSE,Directional Accuracy
ExponentialSmoothing,16.20236406679037,21.039587042407128,0.7222222222222222
Transformer,20.99838711018209,26.406472138012244,0.5
