Model,MAE,RMSE,Directional Accuracy
ExponentialSmoothing,16.952404023203563,20.53999665043948,0.75
LSTM,34.728228618735514,40.29874809900465,0.45
