Model,MAE,RMSE,Directional Accuracy
ExponentialSmoothing,8.665493515082995,13.108259729825791,0.55
Transformer,12.414834601745088,15.350113714235263,0.75
