Model,MAE,RMSE,Directional Accuracy
ExponentialSmoothing,13.166069643492937,16.572648662902836,0.8333333333333334
LSTM,27.864941780270705,35.58631848869877,0.4444444444444444
