Model,MAE,RMSE,Directional Accuracy
ExponentialSmoothing,23.59617907218135,28.998808190301652,0.5
Transformer,29.098891164458145,36.60607410509002,0.65
