Model,MAE,RMSE,Directional Accuracy
ExponentialSmoothing,16.952404023203563,20.53999665043948,0.75
NeuralProphet,19.447562255859374,23.428248443964534,0.7
