Model,MAE,RMSE,Directional Accuracy
ExponentialSmoothing,14.137185404174181,18.12938443140342,0.8333333333333334
LSTM,30.067771278107465,37.418117798675574,0.5
