Model,MAE,RMSE,Directional Accuracy
ExponentialSmoothing,14.506293352140426,18.949906856598744,0.8
Transformer,35.5914659307133,39.14323939291187,0.4
