Model,MAE,RMSE,Directional Accuracy
ExponentialSmoothing,26.861015063088274,33.213304474507346,0.5
LSTM,39.54418618618601,51.48150404952466,0.4444444444444444
