Model,MAE,RMSE,Directional Accuracy
ExponentialSmoothing,29.50343485727109,40.399503808738494,0.45
LSTM,31.223734499432,43.08377806241193,0.5
