Model,MAE,RMSE,Directional Accuracy
ExponentialSmoothing,27.3011851717137,33.11264175858446,0.5
Transformer,78.76477901212084,102.41269918186686,0.5
