Model,MAE,RMSE,Directional Accuracy
ExponentialSmoothing,26.706500200585495,32.760858732293855,0.6111111111111112
LSTM,36.259282628181296,46.251430041928344,0.4444444444444444
