Model,MAE,RMSE,Directional Accuracy
ExponentialSmoothing,16.20236406679037,21.039587042407128,0.7222222222222222
NeuralProphet,18.280796386718748,22.326438805911845,0.3888888888888889
