Model,MAE,RMSE,Directional Accuracy
ExponentialSmoothing,27.065734594832044,34.34650042365439,0.3
LSTM,54.26891071046248,66.2203967231049,0.5
