Model,MAE,RMSE,Directional Accuracy
ExponentialSmoothing,33.51295038725458,43.25921069757527,0.4
NeuralProphet,29.870076904296845,38.65462448990811,0.55
