Model,MAE,RMSE,Directional Accuracy
ExponentialSmoothing,24.737016942916135,32.58712708810183,0.4444444444444444
Transformer,34.751224904128776,42.73352418104327,0.4444444444444444
