Model,MAE,RMSE,Directional Accuracy
ExponentialSmoothing,31.975815971436408,43.10881962329047,0.5
LSTM,29.668032925455645,43.230206664600566,0.55
