Model,MAE,RMSE,Directional Accuracy
ExponentialSmoothing,27.76372294961717,37.49611517384661,0.5555555555555556
NeuralProphet,25.900083264802632,32.362177523517495,0.5555555555555556
