Model,MAE,RMSE,Directional Accuracy
ExponentialSmoothing,16.564349796551518,21.529079991544464,0.6666666666666666
NeuralProphet,22.294260742187497,28.717704128662064,0.3333333333333333
