Model,MAE,RMSE,Directional Accuracy
ExponentialSmoothing,20.272070848116947,26.450183176421927,0.4
Transformer,71.1385209297294,99.00622159640321,0.4
