Model,MAE,RMSE,Directional Accuracy
ExponentialSmoothing,21.89693761573134,25.115475576858756,0.4
LSTM,23.269530194232686,27.96031178744439,0.45
