Model,MAE,RMSE,Directional Accuracy
ExponentialSmoothing,17.957519698212877,24.72813680407398,0.5
NeuralProphet,21.240019287109384,27.31402270775104,0.25
