Model,MAE,RMSE,Directional Accuracy
ExponentialSmoothing,25.353262831385393,41.05205265908453,0.5
LSTM,33.12985629177378,43.86773415250415,0.55
