Model,MAE,RMSE,Directional Accuracy
ExponentialSmoothing,15.786729254547561,19.251138140894582,0.65
LSTM,28.037744928051485,30.160157827206586,0.35
