Model,MAE,RMSE,Directional Accuracy
ExponentialSmoothing,18.01619364638451,24.72875436687567,0.45
LSTM,19.28403583278864,25.648780608258875,0.65
