Model,MAE,RMSE,Directional Accuracy
ExponentialSmoothing,8.931030938538253,13.066129071754993,0.7
Transformer,12.235434815028805,15.437945858492228,0.7
