Model,MAE,RMSE,Directional Accuracy
ExponentialSmoothing,9.216263017246206,12.248736394580007,0.6
Transformer,14.788724659743105,17.825146803504463,0.5
