Model,MAE,RMSE,Directional Accuracy
ExponentialSmoothing,26.74019810738948,32.8365122547131,0.55
Transformer,79.196690124815,102.52036263513509,0.5
