Model,MAE,RMSE,Directional Accuracy
ExponentialSmoothing,19.652265147778586,27.787261519401813,0.8
Transformer,28.184026584466075,31.88485194818155,0.6
