Model,MAE,RMSE,Directional Accuracy
ExponentialSmoothing,26.188225024827535,33.802864557001186,0.3888888888888889
Transformer,32.62139497283395,41.065206540411126,0.4444444444444444
