Model,MAE,RMSE,Directional Accuracy
ExponentialSmoothing,29.216867829220142,43.690657450324366,0.5
NeuralProphet,26.994670166015613,39.86960823326801,0.45
