Model,MAE,RMSE,Directional Accuracy
ExponentialSmoothing,18.611273067470847,25.051397003582213,0.4
LSTM,41.96298812713239,59.57142956720756,0.75
