Model,MAE,RMSE,Directional Accuracy
ExponentialSmoothing,18.510765706447522,25.746745861254382,0.7
LSTM,26.239964234403896,28.101639891454134,0.6
