Model,MAE,RMSE,Directional Accuracy
ExponentialSmoothing,30.243661535605792,37.8705788588891,0.3888888888888889
Transformer,75.83845225779515,119.2870142716269,0.4444444444444444
