Model,MAE,RMSE,Directional Accuracy
ExponentialSmoothing,14.971829717895456,18.819110639643494,0.65
NeuralProphet,18.49588745117187,21.55860165004383,0.4
