Model,MAE,RMSE,Directional Accuracy
ExponentialSmoothing,26.87670163886215,36.05700782312114,0.7
NeuralProphet,29.150536865234358,35.12511743394224,0.55
