Model,MAE,RMSE,Directional Accuracy
ExponentialSmoothing,27.3011851717137,33.11264175858446,0.5
LSTM,55.9676206931234,68.89812579574445,0.5
