Model,MAE,RMSE,Directional Accuracy
ExponentialSmoothing,18.01619364638451,24.72875436687567,0.45
Transformer,19.735672242442753,26.41352624804657,0.65
