Model,MAE,RMSE,Directional Accuracy
ExponentialSmoothing,14.907151528234886,18.949486469420968,0.8
LSTM,34.93271663284082,40.25632644463364,0.45
