Model,MAE,RMSE,Directional Accuracy
ExponentialSmoothing,7.194934812250073,11.10994819149681,0.6
NeuralProphet,10.256992675781238,12.643602214821277,0.4
