Model,MAE,RMSE,Directional Accuracy
ExponentialSmoothing,19.601099084009036,25.53543893756119,0.4
LSTM,31.42003532519477,47.13239769363297,0.7
