Model,MAE,RMSE,Directional Accuracy
ExponentialSmoothing,18.855633291897256,21.97619456619999,0.4
NeuralProphet,18.198413574218762,23.253835504865368,0.6
