Model,MAE,RMSE,Directional Accuracy
ExponentialSmoothing,17.642850666604772,21.546637279470517,0.5
LSTM,18.938130580417806,24.166564527177375,0.45
