Model,MAE,RMSE,Directional Accuracy
ExponentialSmoothing,21.6254243356762,28.969655700944703,0.8
NeuralProphet,24.97543920898436,30.426798877559193,0.5
