Model,MAE,RMSE,Directional Accuracy
ExponentialSmoothing,26.87670163886215,36.05700782312114,0.7
Transformer,29.40159476739509,33.18703183449191,0.5
