Model,MAE,RMSE,Directional Accuracy
ExponentialSmoothing,13.03647244081112,16.353138866574756,0.55
NeuralProphet,15.619367919921888,19.816886335967734,0.5
