Model,MAE,RMSE,Directional Accuracy
ExponentialSmoothing,21.063942503525414,28.27429570997612,0.75
Transformer,26.10838768441962,29.285730425089884,0.65
