Model,MAE,RMSE,Directional Accuracy
ExponentialSmoothing,16.082815731676977,20.949168271444957,0.6666666666666666
LSTM,20.689940736705807,26.06644544747315,0.5
