Model,MAE,RMSE,Directional Accuracy
ExponentialSmoothing,14.907151528234886,18.949486469420968,0.8
Transformer,35.24425673754979,38.87832463484417,0.45
