Model,MAE,RMSE,Directional Accuracy
ExponentialSmoothing,6.732509875038159,9.410088040715445,0.55
LSTM,10.027139365489097,12.069637004637144,0.35
