Model,MAE,RMSE,Directional Accuracy
ExponentialSmoothing,22.751817964785165,39.81159071203732,0.45
NeuralProphet,23.713471923828116,38.273825483110166,0.4
