Model,MAE,RMSE,Directional Accuracy
ExponentialSmoothing,17.642850666604772,21.546637279470517,0.5
NeuralProphet,17.46029272460938,21.375717103067423,0.4
