Model,MAE,RMSE,Directional Accuracy
ExponentialSmoothing,21.096358545456383,39.2808552436842,0.45
NeuralProphet,21.700023437499986,34.97734593670595,0.5
