Model,MAE,RMSE,Directional Accuracy
ExponentialSmoothing,21.903941598332636,27.55526769729223,0.5555555555555556
Transformer,33.26671729124772,40.665252180823515,0.3333333333333333
