Model,MAE,RMSE,Directional Accuracy
ExponentialSmoothing,17.37921390649209,21.51093683770816,0.5555555555555556
NeuralProphet,16.23772314453125,20.697662351148132,0.4444444444444444
