Model,MAE,RMSE,Directional Accuracy
ExponentialSmoothing,12.05275391132227,14.846475946880574,0.7
NeuralProphet,14.789084472656247,17.388443389922564,0.5
