Model,MAE,RMSE,Directional Accuracy
ExponentialSmoothing,27.551013600098976,39.67769926186656,0.45
NeuralProphet,26.195434814453098,36.03556876141797,0.55
