Model,MAE,RMSE,Directional Accuracy
ExponentialSmoothing,28.18128049314131,33.632745314464806,0.45
Transformer,78.29895652291685,102.03297309962618,0.6
