Model,MAE,RMSE,Directional Accuracy
ExponentialSmoothing,14.520413313454162,18.382639101666978,0.4
LSTM,38.629061955807686,55.2533873977579,0.75
