Model,MAE,RMSE,Directional Accuracy
ExponentialSmoothing,14.506293352140426,18.949906856598744,0.8
NeuralProphet,20.00964208984376,25.7113079509096,0.55
