Model,MAE,RMSE,Directional Accuracy
ExponentialSmoothing,9.509859033612111,12.542454527053376,0.65
LSTM,15.503868332463913,18.969183093891626,0.5
