Model,MAE,RMSE,Directional Accuracy
ExponentialSmoothing,15.901910561673105,18.867619898045277,0.75
LSTM,33.471894874574744,39.963913794816705,0.5
