Model,MAE,RMSE,Directional Accuracy
ExponentialSmoothing,17.06154970083121,21.475115995328437,0.8333333333333334
LSTM,25.206610633507374,30.337035848250434,0.5555555555555556
