Model,MAE,RMSE,Directional Accuracy
ExponentialSmoothing,32.51954207856992,42.619417226862346,0.5
NeuralProphet,27.536296142578102,37.196100473247164,0.6
