Model,MAE,RMSE,Directional Accuracy
ExponentialSmoothing,14.880122655797447,18.805902949149107,0.7
LSTM,24.57681189996747,26.66517948746789,0.4
