Model,MAE,RMSE,Directional Accuracy
ExponentialSmoothing,30.215742929611746,41.16752487001822,0.5
Transformer,29.95202586684784,43.348376303992616,0.6
