Model,MAE,RMSE,Directional Accuracy
ExponentialSmoothing,7.263196442679043,9.512361546785868,0.55
LSTM,10.385485558384516,12.600092728020746,0.35
